username,email,first_name,last_name
R4ddSbPyA8Nd,R4ddSbPyA8Nd@autluc.de,Giulia,Conti
R4dd5ayA8Nd,R4ddSbPyA8Nd@autluc.de,Milon,Fusk
vUp7apI5mOYw,vUp7apI5mOYw@autluc.de,Giorgio,Ricci
UB2LlsBJ60p5,UB2LlsBJ60p5@yau.com,Giorgio,Verdi
z745Z72uvacr,z745Z72uvacr@gnails.from,Anna,Conti
wZmTHNm5PfXk,wZmTHNm5PfXk@yau.com,Elena,Marini
oHZ1SQoye6lp,oHZ1SQoye6lp@gnails.from,Luigi,Ferrari
CuFQIrsPEoeP,CuFQIrsPEoeP@hotmeil.con,Luigi,Verdi
jYDP4qZmMrSA,jYDP4qZmMrSA@hotmeil.con,Luigi,Rossi
bZ2iU8MtwQu3,bZ2iU8MtwQu3@yau.com,Luca,Ferrari
shKLYnCwrIxM,shKLYnCwrIxM@hotmeil.con,Elena,Ricci
r9Z5ABh8Jov9,r9Z5ABh8Jov9@gnails.from,Mario,Esposito
eVqum5dRsMHj,eVqum5dRsMHj@yau.com,Marco,Neri
JAKD0ztv6aeP,JAKD0ztv6aeP@gnails.from,Marco,Rossi
jFOQFzSttjlX,jFOQFzSttjlX@hotmeil.con,Giorgio,Verdi
fbeq8ODkkvWL,fbeq8ODkkvWL@gnails.from,Mario,Esposito
ZucBNo1XGNZS,ZucBNo1XGNZS@hotmeil.con,Anna,Neri
aG38DFEDFmdx,aG38DFEDFmdx@autluc.de,Anna,Esposito
bKFSvD6qDJC0,bKFSvD6qDJC0@autluc.de,Elena,Verdi
btskuqlIypur,btskuqlIypur@autluc.de,Marco,Conti
sHzrfvE2JSjH,sHzrfvE2JSjH@yau.com,Elena,Neri
POXcPryNo5aC,POXcPryNo5aC@autluc.de,Luca,Bianchi
RDOzaGnT5H3f,RDOzaGnT5H3f@autluc.de,Elena,Conti
VMHgbYTKmmVV,VMHgbYTKmmVV@hotmeil.con,Luca,Neri
cfxErhCb008r,cfxErhCb008r@gnails.from,Giorgio,Marini
D3YfY6fi2ASo,D3YfY6fi2ASo@autluc.de,Francesca,Ricci
lm5RiNcopQ0J,lm5RiNcopQ0J@hotmeil.con,Mario,Esposito
89EKISBc7Q92,89EKISBc7Q92@gnails.from,Marco,Neri
cSCQZk2GzZSS,cSCQZk2GzZSS@gnails.from,Luca,Esposito
0L0wJ8wS7954,0L0wJ8wS7954@autluc.de,Mario,Conti
JqguJykTgPMN,JqguJykTgPMN@gnails.from,Anna,Ricci
x5Do6WJIGPDa,x5Do6WJIGPDa@yau.com,Marco,Conti
14BFGBeWyLZs,14BFGBeWyLZs@gnails.from,Giorgio,Neri
JDSGSA3uxjNX,JDSGSA3uxjNX@yau.com,Francesca,Rossi
dAAO0snPltLS,dAAO0snPltLS@yau.com,Giulia,Ricci
qSv3NJibEjx2,qSv3NJibEjx2@autluc.de,Marco,Verdi
pM982NRmzAYu,pM982NRmzAYu@gnails.from,Mario,Ricci
ZxUHJuugcEJt,ZxUHJuugcEJt@yau.com,Mario,Esposito
fZ1QGTFb89bu,fZ1QGTFb89bu@autluc.de,Sofia,Verdi
ELfXZYLFe4dg,ELfXZYLFe4dg@yau.com,Francesca,Bianchi
kjrWY069UkrB,kjrWY069UkrB@yau.com,Marco,Gallo
vbNCWQy6aJAj,vbNCWQy6aJAj@hotmeil.con,Francesca,Rossi
0dMQUGCNt5HZ,0dMQUGCNt5HZ@gnails.from,Elena,Esposito
HkB0br095Dvh,HkB0br095Dvh@gnails.from,Anna,Ricci
4NvCmirCtWPy,4NvCmirCtWPy@autluc.de,Giulia,Conti
M0dzWpJPLW5w,M0dzWpJPLW5w@autluc.de,Giorgio,Gallo
1nzeLFdScW9i,1nzeLFdScW9i@autluc.de,Mario,Rossi
4n7c0fdzBUGz,4n7c0fdzBUGz@hotmeil.con,Marco,Marini
8r3iOYOfRRPz,8r3iOYOfRRPz@hotmeil.con,Mario,Ferrari
Wsj8Sv9ldW3h,Wsj8Sv9ldW3h@autluc.de,Mario,Marini
BPhJWkCDbWQR,BPhJWkCDbWQR@autluc.de,Elena,Marini
wMh6u3fymLKZ,wMh6u3fymLKZ@hotmeil.con,Anna,Neri
EuXOo9PI9KYG,EuXOo9PI9KYG@gnails.from,Luca,Rossi
2dZZT8fGEIcQ,2dZZT8fGEIcQ@gnails.from,Mario,Gallo
M5ORVxI4lVdU,M5ORVxI4lVdU@gnails.from,Marco,Ricci
7wUF35G0bpYj,7wUF35G0bpYj@yau.com,Giorgio,Gallo
HkRHcFcYo7Ms,HkRHcFcYo7Ms@hotmeil.con,Giulia,Gallo
h9o2IWqBU7TX,h9o2IWqBU7TX@gnails.from,Giorgio,Gallo
yalCC3HGNki5,yalCC3HGNki5@gnails.from,Sofia,Ferrari
0i7DLpLprO77,0i7DLpLprO77@gnails.from,Luca,Ferrari
bWs4LADDdR8F,bWs4LADDdR8F@yau.com,Giulia,Verdi
ddFWuz0xPCX0,ddFWuz0xPCX0@yau.com,Elena,Verdi
duBQlnnLPbyb,duBQlnnLPbyb@autluc.de,Francesca,Rossi
jIiWmPwktyil,jIiWmPwktyil@autluc.de,Elena,Marini
rKMNHhpA9CpV,rKMNHhpA9CpV@yau.com,Giorgio,Gallo
8R991OqtiZJV,8R991OqtiZJV@gnails.from,Marco,Rossi
hWxPwcA52B3c,hWxPwcA52B3c@hotmeil.con,Elena,Bianchi
26S2Jwe96lnm,26S2Jwe96lnm@hotmeil.con,Giulia,Conti
GAX75WeqTmsC,GAX75WeqTmsC@autluc.de,Giulia,Esposito
9Ci4Y5r2J6xw,9Ci4Y5r2J6xw@gnails.from,Marco,Ricci
NvwTFH4D3NJ7,NvwTFH4D3NJ7@gnails.from,Anna,Conti
jna9RBYkD1zF,jna9RBYkD1zF@gnails.from,Elena,Rossi
N0TLHHSwgey7,N0TLHHSwgey7@autluc.de,Luca,Neri
rJxXwJPIwqNN,rJxXwJPIwqNN@gnails.from,Giulia,Gallo
03F0KhV3rIFP,03F0KhV3rIFP@yau.com,Marco,Bianchi
Aze6JdsKWpv9,Aze6JdsKWpv9@hotmeil.con,Mario,Ricci
vmLcZlBa4tzj,vmLcZlBa4tzj@hotmeil.con,Elena,Neri
XdXiLy5OyTIW,XdXiLy5OyTIW@autluc.de,Luigi,Ferrari
kx3F8RLl9E04,kx3F8RLl9E04@hotmeil.con,Giorgio,Neri
SILg4atinvNP,SILg4atinvNP@autluc.de,Giulia,Esposito
5f5XKCTtwzGS,5f5XKCTtwzGS@hotmeil.con,Francesca,Verdi
beAcIsws6amh,beAcIsws6amh@yau.com,Mario,Esposito
2QXHndo6hqQ3,2QXHndo6hqQ3@autluc.de,Luca,Esposito
hAJsBFOhZYYp,hAJsBFOhZYYp@yau.com,Luca,Esposito
vgrtRZ1kwH2O,vgrtRZ1kwH2O@gnails.from,Elena,Ferrari
Tk06AnjXkewR,Tk06AnjXkewR@hotmeil.con,Luigi,Rossi
hxehWCkA88dE,hxehWCkA88dE@yau.com,Giorgio,Rossi
EeYgm5jfWy2g,EeYgm5jfWy2g@gnails.from,Elena,Marini
QAsitaDTHS34,QAsitaDTHS34@autluc.de,Luigi,Conti
VZfVFLwBIiPM,VZfVFLwBIiPM@autluc.de,Giulia,Ferrari
0NCiz7vBnxCl,0NCiz7vBnxCl@hotmeil.con,Sofia,Bianchi
IClbkvHzf2zk,IClbkvHzf2zk@yau.com,Francesca,Rossi
A4O8thQlBV99,A4O8thQlBV99@hotmeil.con,Giulia,Marini
7NRjbdiZk12E,7NRjbdiZk12E@gnails.from,Sofia,Ricci
YOQeMZct87kj,YOQeMZct87kj@hotmeil.con,Giulia,Ferrari
LlDMWSQVAkdd,LlDMWSQVAkdd@hotmeil.con,Luigi,Ferrari
v5bYMf11WGRF,v5bYMf11WGRF@hotmeil.con,Mario,Ferrari
Ek17Uk3wvcp0,Ek17Uk3wvcp0@yau.com,Mario,Neri
463IR3cOYa4G,463IR3cOYa4G@gnails.from,Mario,Esposito
xOUasKi3tRzd,xOUasKi3tRzd@hotmeil.con,Mario,Marini
Se5PqYhsdoIu,Se5PqYhsdoIu@gnails.from,Luca,Ferrari
VXbTviADOUYP,VXbTviADOUYP@yau.com,Sofia,Gallo
cg81yRbicKCv,cg81yRbicKCv@gnails.from,Luigi,Neri
IOjbkPRlaCNv,IOjbkPRlaCNv@yau.com,Giulia,Neri
fsZUXYAHOddP,fsZUXYAHOddP@autluc.de,Luigi,Bianchi
NCrnBZb9tPBe,NCrnBZb9tPBe@yau.com,Elena,Marini
kcWmmXz2ttbt,kcWmmXz2ttbt@gnails.from,Giorgio,Verdi
hd09pdy2kDlj,hd09pdy2kDlj@gnails.from,Mario,Neri
uhqFoXZ5eomg,uhqFoXZ5eomg@yau.com,Anna,Neri
iQXg6zl2WkqA,iQXg6zl2WkqA@hotmeil.con,Luigi,Verdi
jRCQO2YGshsy,jRCQO2YGshsy@yau.com,Giulia,Ricci
fmCQrL7jj1aH,fmCQrL7jj1aH@autluc.de,Mario,Marini
tniIy2USig1t,tniIy2USig1t@autluc.de,Sofia,Marini
7xxxVOw1D4ps,7xxxVOw1D4ps@autluc.de,Sofia,Gallo
FRlXbXmUuXvd,FRlXbXmUuXvd@yau.com,Giulia,Esposito
VeV4mXHoDI1s,VeV4mXHoDI1s@gnails.from,Elena,Marini
VAcmsLPqIzdd,VAcmsLPqIzdd@autluc.de,Francesca,Verdi
4ZRhFy3TJJyG,4ZRhFy3TJJyG@yau.com,Anna,Marini
1jQjdv1hcFnU,1jQjdv1hcFnU@hotmeil.con,Luigi,Gallo
bf4WcbqPz5sR,bf4WcbqPz5sR@yau.com,Mario,Rossi
4pPH3Cb8SfVS,4pPH3Cb8SfVS@gnails.from,Anna,Marini
